{
  "train_losses": [
    0.5990815643469493,
    0.5196668932835261,
    0.4962378919124603,
    0.47764468312263486,
    0.4661124783754349,
    0.47329786062240603,
    0.46469404856363933,
    0.45771219591299694,
    0.4574695847431819,
    0.44425657749176023,
    0.4342953909436862,
    0.425150809387366,
    0.4127078098058701,
    0.40791560550530753,
    0.39096662163734436,
    0.37600047439336776,
    0.3767762478192647,
    0.37349022726217906,
    0.36579022854566573,
    0.3575256608923276,
    0.3503886220852534,
    0.3377488573392232,
    0.3383196492989858,
    0.34771197905143103,
    0.3474181241790454,
    0.3314294703801473,
    0.3281589925289154,
    0.32375467439492545,
    0.3244214148322741,
    0.3186973195274671,
    0.32393641183773675,
    0.32024628112713494,
    0.30571519866585734,
    0.31331275125344593,
    0.304920700887839,
    0.3053603667020798,
    0.308398775657018,
    0.30738253285487493,
    0.2985523982842763,
    0.2960621891419093,
    0.29474914660056434,
    0.29298898259798684,
    0.2958564935127894,
    0.29437003870805106,
    0.2844936435421308,
    0.2876402990023295,
    0.285761134326458,
    0.28391698494553563,
    0.2797551778952281,
    0.2817474599679311,
    0.2848247879743576,
    0.28602600465218225,
    0.2744192318121592,
    0.2817062205076218,
    0.277779768606027,
    0.2708949201305707,
    0.28200526267290116,
    0.2779429573814074,
    0.280347214837869,
    0.2736140335599581,
    0.27729595750570296,
    0.27167203893264136,
    0.27401752084493636,
    0.2728202925125758,
    0.2716041246553262,
    0.2698791003227234,
    0.26442997733751933,
    0.27013479938109713,
    0.26267643784483274,
    0.2590932289759318,
    0.2676326076189677,
    0.26718057245016097,
    0.26618163074056306,
    0.2572677863140901,
    0.2577390668789546,
    0.26314219703276953,
    0.2653048559029897,
    0.2605584618449211,
    0.2560525653759638,
    0.25717880109945934,
    0.2593276235461235,
    0.26449587603410085,
    0.26460248976945877,
    0.25973875006039937,
    0.25727363472183545,
    0.26104747081796326,
    0.2552631402015686,
    0.2601949571073055,
    0.2535382314523061,
    0.2552779511610667,
    0.2526209003229936,
    0.25211409201224644,
    0.25530538986126583,
    0.2540293181439241,
    0.2572752111653487
  ],
  "val_losses": [
    0.5110971041415867,
    0.45553600395980637,
    0.4564423984602878,
    0.4395490618128526,
    0.4366524980256432,
    0.436330394525277,
    0.4268177983007933,
    0.42122444039896917,
    0.41402760226475566,
    0.40835846176272944,
    0.39411361868444245,
    0.38692140030233485,
    0.3654741091947806,
    0.35227447199194056,
    0.34053852095415715,
    0.3406720624158257,
    0.34552433694663803,
    0.34654925920461355,
    0.3506025158260998,
    0.31663460166830765,
    0.3125922750485571,
    0.3041212484240532,
    0.3054170816352493,
    0.3049037001634899,
    0.307568701866426,
    0.29721675342635107,
    0.28356881361258657,
    0.28594287171175603,
    0.2853748884640242,
    0.2922330824168105,
    0.29484277924424723,
    0.2895162050661288,
    0.2794052185980897,
    0.27535512729694966,
    0.278687108112009,
    0.28282404612553746,
    0.27064176766495956,
    0.2691159209138469,
    0.25792974135593366,
    0.26932363290535777,
    0.28463284592879445,
    0.26810033384122345,
    0.2740528920763417,
    0.2757701113035804,
    0.2749947838877377,
    0.26244371345168666,
    0.2678005348302816,
    0.258698433637619,
    0.2448777658374686,
    0.26914690395719126,
    0.2729032621964028,
    0.25705836125110326,
    0.2474799630673308,
    0.2672298519234908,
    0.2529524135354318,
    0.24697088783508853,
    0.2651981623157075,
    0.2537198082396859,
    0.24397983303979823,
    0.25651645895681885,
    0.2481478825211525,
    0.2588839362326421,
    0.2513528964237163,
    0.2350285339512323,
    0.26776451931187983,
    0.2489002074458097,
    0.24380543396661156,
    0.24823707891137978,
    0.2563751381086676,
    0.2518303260991448,
    0.2531232551524514,
    0.2433850924043279,
    0.24549512525922373,
    0.24872905349260882,
    0.2310203527541537,
    0.23694478838067307,
    0.23524276853391998,
    0.25007149851635885,
    0.23519781192666606,
    0.23547786121305667,
    0.24261307794796794,
    0.2500044648584567,
    0.24187679333906426,
    0.2347416091514261,
    0.2320313857574212,
    0.22761003633863047,
    0.2348504325276927,
    0.24031496204827962,
    0.2450463879657419,
    0.23766788683439555,
    0.22918274586922244,
    0.218720272771622,
    0.23556034619870939,
    0.23682290766584246,
    0.24341979524806925
  ],
  "train_accuracies": [
    62.041666666666664,
    68.20833333333333,
    69.89583333333333,
    70.75,
    71.875,
    71.47916666666667,
    72.16666666666667,
    72.1875,
    73.02083333333333,
    74.70833333333333,
    75.45833333333333,
    76.70833333333333,
    77.97916666666667,
    77.625,
    79.77083333333333,
    80.41666666666667,
    80.64583333333333,
    80.27083333333333,
    81.0,
    81.6875,
    81.875,
    82.75,
    82.70833333333333,
    82.3125,
    82.39583333333333,
    82.89583333333333,
    83.16666666666667,
    83.4375,
    83.25,
    83.54166666666667,
    82.77083333333333,
    83.27083333333333,
    84.41666666666667,
    83.9375,
    83.95833333333333,
    84.16666666666667,
    83.25,
    84.29166666666667,
    84.52083333333333,
    84.64583333333333,
    84.45833333333333,
    84.47916666666667,
    84.625,
    84.41666666666667,
    84.875,
    84.52083333333333,
    85.1875,
    85.22916666666667,
    84.77083333333333,
    84.75,
    84.72916666666667,
    84.875,
    85.4375,
    85.08333333333333,
    85.29166666666667,
    85.14583333333333,
    84.95833333333333,
    85.14583333333333,
    85.08333333333333,
    85.29166666666667,
    84.70833333333333,
    85.625,
    85.20833333333333,
    85.20833333333333,
    85.64583333333333,
    85.375,
    85.54166666666667,
    85.02083333333333,
    85.64583333333333,
    85.72916666666667,
    85.70833333333333,
    85.33333333333333,
    85.25,
    85.79166666666667,
    85.75,
    85.75,
    85.625,
    85.91666666666667,
    86.14583333333333,
    86.3125,
    85.95833333333333,
    85.70833333333333,
    85.91666666666667,
    85.875,
    86.10416666666667,
    86.3125,
    85.83333333333333,
    85.39583333333333,
    86.22916666666667,
    85.66666666666667,
    86.125,
    86.08333333333333,
    85.83333333333333,
    85.91666666666667,
    85.5625
  ],