{
  "train_losses": [
    0.47400451004505156,
    0.37716796368360517,
    0.3654263281822205,
    0.35483441561460494,
    0.331902996301651,
    0.3331319305300713,
    0.30208821311593054,
    0.296929529607296,
    0.2866253465414047,
    0.2583925558626652,
    0.26823361724615097,
    0.32468626394867894,
    0.28942284882068636,
    0.2631784072518349,
    0.23356868535280229,
    0.22805241584777833,
    0.21044207952916621,
    0.1953594718873501,
    0.19513124100863932,
    0.20482371479272843,
    0.1863948716968298,
    0.1513201282173395,
    0.1462011456862092,
    0.12600704111158847,
    0.1144115038961172,
    0.1277789095789194,
    0.09645504574291408,
    0.10648888156749309,
    0.06365643275901675,
    0.09281066767871379
  ],
  "val_losses": [
    0.40857926125709826,
    0.4157735917430658,
    0.36147976494752443,
    0.4689933199148912,
    0.3850794583559036,
    0.3362981149783501,
    0.3276414183469919,
    0.31919433864263386,
    0.37286881185494936,
    0.38214584153432113,
    0.337754093683683,
    0.35797551847421205,
    0.3259994439207591,
    0.37932608677790713,
    0.3369581882770245,
    0.30787191769251454,
    0.38607729742160213,
    0.3312437849549147,
    0.36992944662387556,
    0.4252534325306232,
    0.4009585357629336,
    0.5079265626577231,
    0.38913241831155926,
    0.4466177270962642,
    0.4246220216155052,
    0.39498839240807754,
    0.49541044808351076,
    0.5753031865908549,
    0.5684606559001483,
    0.5094586478976103
  ],
  "train_accuracies": [
    76.875,
    83.125,
    83.875,
    84.5,
    84.625,
    84.125,
    86.375,
    86.5,
    86.375,
    87.0,
    87.625,
    85.125,
    87.25,
    88.25,
    89.0,
    89.375,
    90.75,
    91.375,
    91.875,
    91.0,
    91.875,
    92.875,
    93.875,
    94.5,
    94.75,
    94.375,
    96.25,
    96.0,
    97.125,
    96.75
  ],
  "val_accuracies": [
    80.0,
    81.5,
    80.5,
    82.0,
    79.5,
    81.5,
    82.0,
    83.5,
    83.0,
    81.5,
    84.0,
    81.0,
    81.5,
    84.0,
    85.0,
    86.0,
    84.5,
    85.5,
    83.0,
    82.0,
    80.5,
    79.0,
    83.5,
    80.5,
    83.5,
    84.5,
    82.5,
    79.0,
    81.5,
    81.5
  ],
  "best_val_accuracy": 86.0
}