{
  "train_losses": [
    0.5991385461886723,
    0.5200064971049627,
    0.48808478395144145,
    0.4838870147864024,
    0.501249285141627,
    0.4778210554520289,
    0.47087757488091786,
    0.47169966916243233,
    0.4638431586821874,
    0.45762382169564564,
    0.4579115271568298,
    0.4708944543202718,
    0.46726339797178906,
    0.45836752394835156,
    0.44745102802912395,
    0.4417289680242538,
    0.43357992072900137,
    0.4273358964920044,
    0.41652999967336657,
    0.4146511414647102,
    0.41323411027590434,
    0.3908474925160408,
    0.3787391985456149,
    0.3865601495901744,
    0.3805272870262464,
    0.3711765273412069,
    0.3612709136803945,
    0.3584722779194514,
    0.3670913982391357,
    0.3511454562346141,
    0.3642984613776207,
    0.3513827629884084,
    0.3460583950082461,
    0.35204745491345724,
    0.35107583274443943,
    0.34491148600975674,
    0.3375144605835279,
    0.33604897300402325,
    0.33140306383371354,
    0.3290313920378685,
    0.3314424369732539,
    0.3317856865127881,
    0.3254578317205111,
    0.33873487999041874,
    0.32364393581946693,
    0.3225945231318474,
    0.3290735334157944,
    0.3216768611470858,
    0.3186029688517253,
    0.3243792477250099,
    0.32708406180143357,
    0.31382416129112245,
    0.3224837469061216,
    0.32173703104257584,
    0.31012673770387966,
    0.3150559312105179,
    0.3132759439945221,
    0.3253492980202039,
    0.32170873870452243,
    0.30508537818988163,
    0.3107282132903735,
    0.3060601631800334,
    0.30807048877080284,
    0.30406581471363703,
    0.3032660115758578,
    0.3067406410972277,
    0.3076865960160891,
    0.3100737593571345,
    0.3007219536105792,
    0.2951775462428729,
    0.3042260005076726,
    0.3042663061618805,
    0.30201460431019467,
    0.30083857754866283,
    0.3004781469702721,
    0.3071227517724037,
    0.29793642764290174,
    0.29638413071632386,
    0.3006077594558398,
    0.293808923860391,
    0.31115397016207375,
    0.2998345653216044,
    0.2971995804707209,
    0.28795869077245395,
    0.28802737216154733,
    0.28863285332918165,
    0.3112937228878339,
    0.2903562352061272,
    0.2937249201039473,
    0.28857725342114765,
    0.2848805629213651,
    0.2971291676163673,
    0.28096229016780855,
    0.2897863076130549,
    0.29043513586123787,
    0.2837682843208313,
    0.28163555284341174,
    0.32084460159142814,
    0.2825497621297836,
    0.2964221603175004
  ],
  "val_losses": [
    0.5385694315558985,
    0.4741212647212179,
    0.49934745305462885,
    0.5268320033424779,
    0.4584375008156425,
    0.4582812699832414,
    0.46151741398008245,
    0.45731810049006816,
    0.44329108062543365,
    0.43853090703487396,
    0.43082403195531743,
    0.41746746160482107,
    0.4686025624212466,
    0.5709675879854905,
    0.4169381951030932,
    0.4054646288093768,
    0.4085323708622079,
    0.4108326991921977,
    0.39203098337901265,
    0.4056512297768342,
    0.4683186294216859,
    0.39679418268956634,
    0.4083617690362428,
    0.45316723538072484,
    0.33519366618834046,
    0.32482916822558955,
    0.3347769367851709,
    0.3323735390838824,
    0.3527298863781126,
    0.38420059335859197,
    0.3269357677353056,
    0.32930936154566315,
    1.4662163194857145,
    0.3492992245837262,
    0.3536373200385194,
    0.30944682461650747,
    0.31623190759043945,
    0.3173680544683808,
    0.31290030675499064,
    0.3330147901647969,
    0.30607909277865764,
    0.3215849634848143,
    0.297535115950986,
    0.324303353695493,
    0.3660086134546681,
    0.3101783700679478,
    0.3139836980324042,
    0.29414382263233785,
    0.30866884518610804,
    0.36983165968405574,
    0.32764705741091776,
    0.31104287113014023,
    0.31430637797242716,
    0.3360024918066828,
    0.30300983904223694,
    0.28974825535949905,
    0.3589644635978498,
    0.29911862117679494,
    0.3009381894218294,
    0.29560699411912966,
    0.31249083108023595,
    0.8699399240707096,
    0.540300181821773,
    0.3019618682171169,
    0.2953572355602917,
    0.29457565593092067,
    0.2897070520802548,
    0.2893503778859189,
    0.28681874784984085,
    0.29805335520129456,
    0.2984985548414682,
    0.27136466632548134,
    0.29134618569361537,
    0.2945264326898675,
    0.29915318755727066,
    0.2819650396704674,
    0.2840162333297102,
    0.28833471375860664,
    0.28590637719944906,
    0.29059131717995595,
    0.28466288863044037,
    0.27118129126335444,
    0.34076266971073654,
    0.2952470653935483,
    0.2856947305171113,
    0.35281316543880265,
    0.3297692062823396,
    0.3536572942608281,
    0.2774540623159785,
    0.2786500653938243,
    0.2630349946649451,
    0.2939529022888133,
    0.2576058948118436,
    0.28767585832821696,
    0.27429539984778356,
    0.2687614826779616,
    0.294926597491691,
    0.29463681813917664,
    0.2751718626210564,
    0.26210872632892507
  ],
  "train_accuracies": [
    61.395833333333336,
    66.27083333333333,
    68.95833333333333,
    69.39583333333333,
    69.97916666666667,
    70.5,
    70.9375,
    70.66666666666667,
    72.35416666666667,
    72.66666666666667,
    72.27083333333333,
    73.3125,
    72.58333333333333,
    73.04166666666667,
    73.45833333333333,
    73.66666666666667,
    75.0,
    76.27083333333333,
    76.60416666666667,
    77.83333333333333,
    77.64583333333333,
    80.02083333333333,
    79.89583333333333,
    79.16666666666667,
    80.25,
    80.54166666666667,
    81.72916666666667,
    81.16666666666667,
    80.70833333333333,
    81.4375,
    80.85416666666667,
    81.95833333333333,
    82.29166666666667,
    81.97916666666667,
    82.33333333333333,
    81.95833333333333,
    82.70833333333333,
    82.35416666666667,
    82.66666666666667,
    83.14583333333333,
    82.91666666666667,
    82.89583333333333,
    83.3125,
    82.41666666666667,
    83.1875,
    83.33333333333333,
    83.22916666666667,
    83.625,
    83.625,
    83.45833333333333,
    83.64583333333333,
    83.95833333333333,
    83.10416666666667,
    83.5,
    83.97916666666667,
    83.625,
    83.75,
    83.1875,
    83.3125,
    84.375,
    83.72916666666667,
    84.25,
    83.77083333333333,
    84.25,
    84.33333333333333,
    84.33333333333333,
    83.97916666666667,
    83.875,
    84.29166666666667,
    84.52083333333333,
    84.125,
    84.22916666666667,
    84.33333333333333,
    84.0,
    84.29166666666667,
    84.08333333333333,
    84.41666666666667,
    84.66666666666667,
    84.5625,
    84.66666666666667,
    84.47916666666667,
    84.27083333333333,
    84.27083333333333,
    85.08333333333333,
    84.83333333333333,
    84.875,
    84.77083333333333,
    84.6875,
    84.41666666666667,
    84.70833333333333,
    84.77083333333333,
    84.1875,
    85.41666666666667,
    84.54166666666667,
    84.79166666666667,
    85.14583333333333,
    85.41666666666667,
    84.33333333333333,
    85.0,
    84.35416666666667
  ],